{"cameraMode":{"drawMode":0,"name":"Shaded","section":"Shading Mode"},"sceneLighting":true,"audioPlay":false,"sceneViewState":{"showFog":true,"showMaterialUpdate":false,"showSkybox":true,"showFlares":true,"showImageEffects":true,"showParticleSystems":true},"in2DMode":false,"pivot":{"x":0.017653465270996095,"y":0.9387845993041992,"z":-9.98276138305664},"rotation":{"x":-0.07419940084218979,"y":0.9045793414115906,"z":-0.1761360615491867,"w":-0.3810635805130005},"size":5.079211711883545,"orthographic":false}